<?xml version="1.0"?>
<doc>
    <assembly>
        <name>DiscUtils.OpticalDisk</name>
    </assembly>
    <members>
        <member name="T:DiscUtils.OpticalDisk.Disc">
            <summary>
            Represents an optical disc image.
            </summary>
        </member>
        <member name="M:DiscUtils.OpticalDisk.Disc.#ctor(System.IO.Stream,DiscUtils.Streams.Ownership)">
            <summary>
            Initializes a new instance of the Disc class.
            </summary>
            <param name="stream">The stream to read.</param>
            <param name="ownsStream">Indicates if the new instance should control the lifetime of the stream.</param>
        </member>
        <member name="M:DiscUtils.OpticalDisk.Disc.#ctor(System.IO.Stream,DiscUtils.Streams.Ownership,DiscUtils.OpticalDisk.OpticalFormat)">
            <summary>
            Initializes a new instance of the Disc class.
            </summary>
            <param name="stream">The stream to read.</param>
            <param name="ownsStream">Indicates if the new instance should control the lifetime of the stream.</param>
            <param name="format">The disk image format.</param>
        </member>
        <member name="M:DiscUtils.OpticalDisk.Disc.#ctor(System.String)">
            <summary>
            Initializes a new instance of the Disc class.
            </summary>
            <param name="path">The path to the disc image.</param>
        </member>
        <member name="M:DiscUtils.OpticalDisk.Disc.#ctor(System.String,System.IO.FileAccess)">
            <summary>
            Initializes a new instance of the Disc class.
            </summary>
            <param name="path">The path to the disc image.</param>
            <param name="access">The access requested to the disk.</param>
        </member>
        <member name="P:DiscUtils.OpticalDisk.Disc.BlockSize">
            <summary>
            Gets the sector size of the disk (2048 for optical discs).
            </summary>
        </member>
        <member name="P:DiscUtils.OpticalDisk.Disc.Capacity">
            <summary>
            Gets the capacity of the disc (in bytes).
            </summary>
        </member>
        <member name="P:DiscUtils.OpticalDisk.Disc.Content">
            <summary>
            Gets the content of the disc as a stream.
            </summary>
            <remarks>Note the returned stream is not guaranteed to be at any particular position.  The actual position
            will depend on the last partition table/file system activity, since all access to the disk contents pass
            through a single stream instance.  Set the stream position before accessing the stream.</remarks>
        </member>
        <member name="P:DiscUtils.OpticalDisk.Disc.DiskClass">
            <summary>
            Gets the type of disk represented by this object.
            </summary>
        </member>
        <member name="P:DiscUtils.OpticalDisk.Disc.DiskTypeInfo">
            <summary>
            Gets information about the type of disk.
            </summary>
            <remarks>This property provides access to meta-data about the disk format, for example whether the
            BIOS geometry is preserved in the disk file.</remarks>
        </member>
        <member name="P:DiscUtils.OpticalDisk.Disc.Geometry">
            <summary>
            Gets the geometry of the disk.
            </summary>
        </member>
        <member name="P:DiscUtils.OpticalDisk.Disc.Layers">
            <summary>
            Gets the layers that make up the disc.
            </summary>
        </member>
        <member name="M:DiscUtils.OpticalDisk.Disc.CreateDifferencingDisk(DiscUtils.DiscFileSystem,System.String)">
            <summary>
            Not supported for Optical Discs.
            </summary>
            <param name="fileSystem">The file system to create the disc on.</param>
            <param name="path">The path (or URI) for the disk to create.</param>
            <returns>Not Applicable.</returns>
        </member>
        <member name="M:DiscUtils.OpticalDisk.Disc.CreateDifferencingDisk(System.String)">
            <summary>
            Not supported for Optical Discs.
            </summary>
            <param name="path">The path (or URI) for the disk to create.</param>
            <returns>Not Applicable.</returns>
        </member>
        <member name="M:DiscUtils.OpticalDisk.Disc.Dispose(System.Boolean)">
            <summary>
            Disposes of underlying resources.
            </summary>
            <param name="disposing">Set to <c>true</c> if called within Dispose(),
            else <c>false</c>.</param>
        </member>
        <member name="T:DiscUtils.OpticalDisk.DiscImageFile">
            <summary>
            Represents a single optical disc image file.
            </summary>
        </member>
        <member name="M:DiscUtils.OpticalDisk.DiscImageFile.#ctor(System.IO.Stream)">
            <summary>
            Initializes a new instance of the DiscImageFile class.
            </summary>
            <param name="stream">The stream to interpret.</param>
        </member>
        <member name="M:DiscUtils.OpticalDisk.DiscImageFile.#ctor(System.IO.Stream,DiscUtils.Streams.Ownership,DiscUtils.OpticalDisk.OpticalFormat)">
            <summary>
            Initializes a new instance of the DiscImageFile class.
            </summary>
            <param name="stream">The stream to interpret.</param>
            <param name="ownsStream">Indicates if the new instance should control the lifetime of the stream.</param>
            <param name="format">The disc image format.</param>
        </member>
        <member name="P:DiscUtils.OpticalDisk.DiscImageFile.Geometry">
            <summary>
            Gets the Geometry of the disc.
            </summary>
            <remarks>
            Optical discs don't fit the CHS model, so dummy CHS data provided, but
            sector size is accurate.
            </remarks>
        </member>
        <member name="P:DiscUtils.OpticalDisk.DiscImageFile.IsSparse">
            <summary>
            Gets a value indicating if the layer only stores meaningful sectors.
            </summary>
        </member>
        <member name="P:DiscUtils.OpticalDisk.DiscImageFile.NeedsParent">
            <summary>
            Gets a value indicating whether the file is a differencing disk.
            </summary>
        </member>
        <member name="M:DiscUtils.OpticalDisk.DiscImageFile.OpenContent(DiscUtils.Streams.SparseStream,DiscUtils.Streams.Ownership)">
            <summary>
            Gets the content of this layer.
            </summary>
            <param name="parent">The parent stream (if any).</param>
            <param name="ownsParent">Controls ownership of the parent stream.</param>
            <returns>The content as a stream.</returns>
        </member>
        <member name="M:DiscUtils.OpticalDisk.DiscImageFile.GetParentLocations">
            <summary>
            Gets the possible locations of the parent file (if any).
            </summary>
            <returns>Array of strings, empty if no parent.</returns>
        </member>
        <member name="M:DiscUtils.OpticalDisk.DiscImageFile.Dispose(System.Boolean)">
            <summary>
            Disposes of underlying resources.
            </summary>
            <param name="disposing">Set to <c>true</c> if called within Dispose(),
            else <c>false</c>.</param>
        </member>
        <member name="T:DiscUtils.OpticalDisk.Mode2Buffer">
            <summary>
            Interprets a Mode 2 image.
            </summary>
            <remarks>
            Effectively just strips the additional header / footer from the Mode 2 sector
            data - does not attempt to validate the information.
            </remarks>
        </member>
        <member name="T:DiscUtils.OpticalDisk.OpticalFormat">
            <summary>
            The format of the optical image file.
            </summary>
        </member>
        <member name="F:DiscUtils.OpticalDisk.OpticalFormat.None">
            <summary>
            Unspecified mode.
            </summary>
        </member>
        <member name="F:DiscUtils.OpticalDisk.OpticalFormat.Mode1">
            <summary>
            2048 bytes are stored for each 2048 bytes of data.
            </summary>
        </member>
        <member name="F:DiscUtils.OpticalDisk.OpticalFormat.Mode2">
            <summary>
            2352 bytes are stored for each 2048 bytes of data.
            </summary>
            <remarks>
            Commonly seen in .bin files.
            </remarks>
        </member>
    </members>
</doc>
