<?xml version="1.0"?>
<doc>
    <assembly>
        <name>DiscUtils.OpticalDiscSharing</name>
    </assembly>
    <members>
        <member name="P:DiscUtils.OpticalDiscSharing.Disc.BlockSize">
            <summary>
            Gets the sector size of the disk (2048 for optical discs).
            </summary>
        </member>
        <member name="P:DiscUtils.OpticalDiscSharing.Disc.Capacity">
            <summary>
            Gets the capacity of the disc (in bytes).
            </summary>
        </member>
        <member name="P:DiscUtils.OpticalDiscSharing.Disc.Content">
            <summary>
            Gets the content of the disc as a stream.
            </summary>
            <remarks>Note the returned stream is not guaranteed to be at any particular position.  The actual position
            will depend on the last partition table/file system activity, since all access to the disk contents pass
            through a single stream instance.  Set the stream position before accessing the stream.</remarks>
        </member>
        <member name="P:DiscUtils.OpticalDiscSharing.Disc.DiskClass">
            <summary>
            Gets the type of disk represented by this object.
            </summary>
        </member>
        <member name="P:DiscUtils.OpticalDiscSharing.Disc.DiskTypeInfo">
            <summary>
            Gets information about the type of disk.
            </summary>
            <remarks>This property provides access to meta-data about the disk format, for example whether the
            BIOS geometry is preserved in the disk file.</remarks>
        </member>
        <member name="P:DiscUtils.OpticalDiscSharing.Disc.Geometry">
            <summary>
            Gets the geometry of the disk.
            </summary>
        </member>
        <member name="P:DiscUtils.OpticalDiscSharing.Disc.Layers">
            <summary>
            Gets the layers that make up the disc.
            </summary>
        </member>
        <member name="M:DiscUtils.OpticalDiscSharing.Disc.CreateDifferencingDisk(DiscUtils.DiscFileSystem,System.String)">
            <summary>
            Not supported for Optical Discs.
            </summary>
            <param name="fileSystem">The file system to create the disc on.</param>
            <param name="path">The path (or URI) for the disk to create.</param>
            <returns>Not Applicable.</returns>
        </member>
        <member name="M:DiscUtils.OpticalDiscSharing.Disc.CreateDifferencingDisk(System.String)">
            <summary>
            Not supported for Optical Discs.
            </summary>
            <param name="path">The path (or URI) for the disk to create.</param>
            <returns>Not Applicable.</returns>
        </member>
        <member name="M:DiscUtils.OpticalDiscSharing.Disc.Dispose(System.Boolean)">
            <summary>
            Disposes of underlying resources.
            </summary>
            <param name="disposing">Set to <c>true</c> if called within Dispose(),
            else <c>false</c>.</param>
        </member>
        <member name="T:DiscUtils.OpticalDiscSharing.DiscInfo">
            <summary>
            Information about a shared Optical Disc.
            </summary>
        </member>
        <member name="P:DiscUtils.OpticalDiscSharing.DiscInfo.Name">
            <summary>
            Gets or sets the name of the disc (unique within an instance of OpticalDiscService).
            </summary>
        </member>
        <member name="P:DiscUtils.OpticalDiscSharing.DiscInfo.VolumeLabel">
            <summary>
            Gets or sets the displayable volume label for the disc.
            </summary>
        </member>
        <member name="P:DiscUtils.OpticalDiscSharing.DiscInfo.VolumeType">
            <summary>
            Gets or sets the volume type of the disc.
            </summary>
        </member>
        <member name="T:DiscUtils.OpticalDiscSharing.OpticalDiscService">
            <summary>
            Represents a particular Optical Disc Sharing service (typically a Mac or PC).
            </summary>
        </member>
        <member name="P:DiscUtils.OpticalDiscSharing.OpticalDiscService.AdvertisedDiscs">
            <summary>
            Gets information about the optical discs advertised by this service.
            </summary>
        </member>
        <member name="P:DiscUtils.OpticalDiscSharing.OpticalDiscService.DisplayName">
            <summary>
            Gets the display name of this service.
            </summary>
        </member>
        <member name="M:DiscUtils.OpticalDiscSharing.OpticalDiscService.Connect(System.String,System.String,System.Int32)">
            <summary>
            Connects to the service.
            </summary>
            <param name="userName">The username to use, if the owner of the Mac / PC is prompted.</param>
            <param name="computerName">The computer name to use, if the owner of the Mac / PC is prompted.</param>
            <param name="maxWaitSeconds">The maximum number of seconds to wait to be granted access.</param>
        </member>
        <member name="M:DiscUtils.OpticalDiscSharing.OpticalDiscService.OpenDisc(System.String)">
            <summary>
            Opens a shared optical disc as a virtual disk.
            </summary>
            <param name="name">The name of the disc, from the Name field of DiscInfo.</param>
            <returns>The virtual disk.</returns>
        </member>
        <member name="T:DiscUtils.OpticalDiscSharing.OpticalDiscServiceClient">
            <summary>
            Provides access to Optical Disc Sharing services.
            </summary>
        </member>
        <member name="M:DiscUtils.OpticalDiscSharing.OpticalDiscServiceClient.#ctor">
            <summary>
            Initializes a new instance of the OpticalDiscServiceClient class.
            </summary>
        </member>
        <member name="M:DiscUtils.OpticalDiscSharing.OpticalDiscServiceClient.Dispose">
            <summary>
            Disposes of this instance.
            </summary>
        </member>
        <member name="M:DiscUtils.OpticalDiscSharing.OpticalDiscServiceClient.LookupServices">
            <summary>
            Looks up the ODS services advertised.
            </summary>
            <returns>A list of discovered ODS services.</returns>
        </member>
        <member name="M:DiscUtils.OpticalDiscSharing.OpticalDiscServiceClient.LookupServices(System.String)">
            <summary>
            Looks up the ODS services advertised in a domain.
            </summary>
            <param name="domain">The domain to look in.</param>
            <returns>A list of discovered ODS services.</returns>
        </member>
    </members>
</doc>
