<?xml version="1.0"?>
<doc>
    <assembly>
        <name>DiscUtils.Sdi</name>
    </assembly>
    <members>
        <member name="T:DiscUtils.Sdi.SdiFile">
            <summary>
            Class for accessing the contents of Simple Deployment Image (.sdi) files.
            </summary>
            <remarks>SDI files are primitive disk images, containing multiple blobs.</remarks>
        </member>
        <member name="M:DiscUtils.Sdi.SdiFile.#ctor(System.IO.Stream)">
            <summary>
            Initializes a new instance of the SdiFile class.
            </summary>
            <param name="stream">The stream formatted as an SDI file.</param>
        </member>
        <member name="M:DiscUtils.Sdi.SdiFile.#ctor(System.IO.Stream,DiscUtils.Streams.Ownership)">
            <summary>
            Initializes a new instance of the SdiFile class.
            </summary>
            <param name="stream">The stream formatted as an SDI file.</param>
            <param name="ownership">Whether to pass ownership of <c>stream</c> to the new instance.</param>
        </member>
        <member name="P:DiscUtils.Sdi.SdiFile.Sections">
            <summary>
            Gets all of the sections within the file.
            </summary>
        </member>
        <member name="M:DiscUtils.Sdi.SdiFile.Dispose">
            <summary>
            Disposes of this instance.
            </summary>
        </member>
        <member name="M:DiscUtils.Sdi.SdiFile.OpenSection(System.Int32)">
            <summary>
            Opens a stream to access a particular section.
            </summary>
            <param name="index">The zero-based index of the section.</param>
            <returns>A stream that can be used to access the section.</returns>
        </member>
        <member name="T:DiscUtils.Sdi.Section">
            <summary>
            Information about a blob (or section) within an SDI file.
            </summary>
        </member>
        <member name="P:DiscUtils.Sdi.Section.Index">
            <summary>
            Gets the zero-based index of this section.
            </summary>
        </member>
        <member name="P:DiscUtils.Sdi.Section.Length">
            <summary>
            Gets the length of the section.
            </summary>
        </member>
        <member name="P:DiscUtils.Sdi.Section.PartitionType">
            <summary>
            Gets the MBR partition type of the partition, for "PART" sections.
            </summary>
        </member>
        <member name="P:DiscUtils.Sdi.Section.SectionType">
            <summary>
            Gets the type of this section.
            </summary>
            <remarks>Sample types are "PART" (disk partition), "WIM" (Windows Imaging Format).</remarks>
        </member>
    </members>
</doc>
