<?xml version="1.0"?>
<doc>
    <assembly>
        <name>DiscUtils.HfsPlus</name>
    </assembly>
    <members>
        <member name="T:DiscUtils.HfsPlus.FileCompressionType">
            <summary>
            If a file is compressed, then it will have an extended attribute with name <c>com.apple.decmpfs</c>.
            Different compression types can be applied to a file, and this enum describes which compression type
            is being used.
            </summary>
            <seealso href="https://github.com/sleuthkit/sleuthkit/blob/dcf8136b04e77e8c28056e5b4639c97ffefa585e/tsk/fs/decmpfs.h"/>
            <seealso href="https://github.com/libyal/libfsapfs/blob/main/documentation/Apple%20File%20System%20(APFS).asciidoc#compression_method"/>
            <seealso href="https://github.com/RJVB/afsctool/issues/6#issuecomment-374620414"/>
        </member>
        <member name="F:DiscUtils.HfsPlus.FileCompressionType.ZlibAttribute">
            <summary>
            The compressed data is stored in the compression attribute, following the compression
            header. If the first byte of that data is 0xF, then the data is not compressed.
            Otherwise, the data is zlib-compressed.
            </summary>
        </member>
        <member name="F:DiscUtils.HfsPlus.FileCompressionType.ZlibResource">
            <summary>
            The compressed data is stored in the file's resource fork. The resource fork
            contains a single resource of type CMPF. The beginning of the resource is a
            table of offsets for successive zlib compression units within the resource.
            The compressed data is chunked in 64KB units.
            </summary>
        </member>
        <member name="F:DiscUtils.HfsPlus.FileCompressionType.Dataless">
            <summary>
            The file is dataless, that is, the uncompressed data contains 0-byte values.
            </summary>
        </member>
        <member name="F:DiscUtils.HfsPlus.FileCompressionType.LzvnAttribute">
            <summary>
            The compressed data is stored in the compression attribute, following the compression
            header. The data is LZVN-compressed.
            </summary>
        </member>
        <member name="F:DiscUtils.HfsPlus.FileCompressionType.LzvnResource">
            <summary>
            The compressed data is stored in the file's resource fork. The resource fork
            contains a single resource of type CMPF. The beginning of the resource is a
            table of offsets for successive LZVN compression units within the resource.
            The compressed data is chunked in 64KB units.
            </summary>
        </member>
        <member name="F:DiscUtils.HfsPlus.FileCompressionType.RawAttribute">
            <summary>
            The data is stored in the compression attribute, following the compression
            header. The data is not compressed.
            </summary>
        </member>
        <member name="F:DiscUtils.HfsPlus.FileCompressionType.RawResource">
            <summary>
            The compressed data is stored in the file's resource fork. The resource fork
            contains a single resource of type CMPF. The beginning of the resource is a
            table of offsets for successive uncompressed units within the resource.
            The data is chunked in 64KB units.
            </summary>
        </member>
        <member name="F:DiscUtils.HfsPlus.FileCompressionType.LzfseAttribute">
            <summary>
            The compressed data is stored in the compression attribute, following the compression
            header. The data is LZFSE-compressed.
            </summary>
        </member>
        <member name="F:DiscUtils.HfsPlus.FileCompressionType.LzfseResource">
            <summary>
            The compressed data is stored in the file's resource fork. The resource fork
            contains a single resource of type CMPF. The beginning of the resource is a
            table of offsets for successive LZFSE compression units within the resource.
            The compressed data is chunked in 64KB units.
            </summary>
        </member>
        <member name="T:DiscUtils.HfsPlus.HfsPlusFileSystem">
            <summary>
            Class that interprets Apple's HFS+ file system, found in DMG files.
            </summary>
        </member>
        <member name="M:DiscUtils.HfsPlus.HfsPlusFileSystem.#ctor(System.IO.Stream)">
            <summary>
            Initializes a new instance of the HfsPlusFileSystem class.
            </summary>
            <param name="stream">A stream containing the file system.</param>
        </member>
        <member name="M:DiscUtils.HfsPlus.HfsPlusFileSystem.GetUnixFileInfo(System.String)">
            <summary>
            Gets the Unix (BSD) file information about a file or directory.
            </summary>
            <param name="path">The path of the file or directory.</param>
            <returns>Unix file information.</returns>
        </member>
        <member name="P:DiscUtils.HfsPlus.HfsPlusFileSystemImpl.Size">
            <summary>
            Size of the Filesystem in bytes
            </summary>
        </member>
        <member name="P:DiscUtils.HfsPlus.HfsPlusFileSystemImpl.UsedSpace">
            <summary>
            Used space of the Filesystem in bytes
            </summary>
        </member>
        <member name="P:DiscUtils.HfsPlus.HfsPlusFileSystemImpl.AvailableSpace">
            <summary>
            Available space of the Filesystem in bytes
            </summary>
        </member>
    </members>
</doc>
